sampName,condition,size,size_bin,Field,type,KRN,Total_kernel_number,IM_height,Cob_length,Cob_diameter,Number_kernels_row,twenty_kernel_weight,SAM_radius,SAM_height
B73_1b,B73,454.8889849,c,WN21,stiff,17.27,186.41,243.5159012,139.88,29.79,24.78,4.56,82.9954,129.5369
B73_2b,B73,454.8889849,c,WN21,stiff,17.27,186.41,243.5159012,139.88,29.79,24.78,4.56,82.9954,129.5369
B73_1,B73,454.8889849,c,WN20,stiff,17.27,186.41,243.5159012,139.88,29.79,24.78,4.56,82.9954,129.5369
B73_2,B73,454.8889849,c,WN20,stiff,17.27,186.41,243.5159012,139.88,29.79,24.78,4.56,82.9954,129.5369
B73_3,B73,454.8889849,c,WN20,stiff,17.27,186.41,243.5159012,139.88,29.79,24.78,4.56,82.9954,129.5369
B104_1,B104,351.8180585,b,WN20,stiff,14,,237.2140564,,,,,,
B104_2,B104,351.8180585,b,WN20,stiff,14,,237.2140564,,,,,,
B104_3,B104,351.8180585,b,WN20,stiff,14,,237.2140564,,,,,,
CML103_2b,CML103,371.8152204,b,WN21,tropical,13.5,204.88,245.1648376,153.58,26.96,23.11,5.07,70.7104,116.6321
CML103_3b,CML103,371.8152204,b,WN21,tropical,13.5,204.88,245.1648376,153.58,26.96,23.11,5.07,70.7104,116.6321
CML228_1b,CML228,379.8975332,b,WN21,tropical,12.37,189.89,231.1325433,121.06,21.69,19.97,4.81,71.7468,103.2235
CML228_2b,CML228,379.8975332,b,WN21,tropical,12.37,189.89,231.1325433,121.06,21.69,19.97,4.81,71.7468,103.2235
CML228_3b,CML228,379.8975332,b,WN21,tropical,12.37,189.89,231.1325433,121.06,21.69,19.97,4.81,71.7468,103.2235
CML277_1,CML277,335.3267611,b,WN20,tropical,10.94,248.67,243.8840643,102.92,24.92,15.33,4.62,68.1285,103.8754
CML277_2,CML277,335.3267611,b,WN20,tropical,10.94,248.67,243.8840643,102.92,24.92,15.33,4.62,68.1285,103.8754
CML277_3,CML277,335.3267611,b,WN20,tropical,10.94,248.67,243.8840643,102.92,24.92,15.33,4.62,68.1285,103.8754
CML322_1b,CML322,338.4576415,b,WN21,tropical,15.44,213.08,206.6503162,126.95,26.42,23.27,3.38,70.1236,75.8999
CML322_2b,CML322,338.4576415,b,WN21,tropical,15.44,213.08,206.6503162,126.95,26.42,23.27,3.38,70.1236,75.8999
CML322_1,CML322,338.4576415,b,WN20,tropical,15.44,213.08,206.6503162,126.95,26.42,23.27,3.38,70.1236,75.8999
CML322_2,CML322,338.4576415,b,WN20,tropical,15.44,213.08,206.6503162,126.95,26.42,23.27,3.38,70.1236,75.8999
CML322_3,CML322,338.4576415,b,WN20,tropical,15.44,213.08,206.6503162,126.95,26.42,23.27,3.38,70.1236,75.8999
CML333_1,CML333,272.6212207,a,WN20,tropical,12.13,175.22,232.6024979,119.21,25.26,18.56,4.07,74.0668,117.2346
CML333_2,CML333,272.6212207,a,WN20,tropical,12.13,175.22,232.6024979,119.21,25.26,18.56,4.07,74.0668,117.2346
CML52_1b,CML52,252.9473047,a,WN21,tropical,10.89,228.36,223.8187539,119.89,22.04,22.35,3.53,64.6865,124.2634
CML52_2b,CML52,252.9473047,a,WN21,tropical,10.89,228.36,223.8187539,119.89,22.04,22.35,3.53,64.6865,124.2634
CML52_3b,CML52,252.9473047,a,WN21,tropical,10.89,228.36,223.8187539,119.89,22.04,22.35,3.53,64.6865,124.2634
CML69_1b,CML69,435.4174601,c,WN21,tropical,11.59,203.78,229.2436239,116.88,26.22,16.8,4.65,74.0334,82.8188
CML69_2b,CML69,435.4174601,c,WN21,tropical,11.59,203.78,229.2436239,116.88,26.22,16.8,4.65,74.0334,82.8188
Hp301_1,Hp301,361.2449579,b,WN20,popcorn,13.11,204.01,228.3769425,129.35,20.54,23.78,2.18,68.0454,95.2322
Hp301_2,Hp301,361.2449579,b,WN20,popcorn,13.11,204.01,228.3769425,129.35,20.54,23.78,2.18,68.0454,95.2322
Hp301_3,Hp301,361.2449579,b,WN20,popcorn,13.11,204.01,228.3769425,129.35,20.54,23.78,2.18,68.0454,95.2322
Il14H_1,Il14H,376.6388732,b,WN20,sweet,13.15,180.41,227.0404337,112.51,25.43,18.75,4.52,75.1495,95.2848
Il14H_2,Il14H,376.6388732,b,WN20,sweet,13.15,180.41,227.0404337,112.51,25.43,18.75,4.52,75.1495,95.2848
Il14H_3,Il14H,376.6388732,b,WN20,sweet,13.15,180.41,227.0404337,112.51,25.43,18.75,4.52,75.1495,95.2848
Ki11_1b,Ki11,237.4494681,a,WN21,tropical,12.59,207.66,221.3261252,135.38,30.52,20.21,4.6,79.6296,117.3131
Ki11_2b,Ki11,237.4494681,a,WN21,tropical,12.59,207.66,221.3261252,135.38,30.52,20.21,4.6,79.6296,117.3131
Ki3_1b,Ki3,378.5599592,b,WN21,tropical,13,224.49,226.9119125,105.74,25.93,17.49,4.53,73.6443,130.6197
Ki3_2b,Ki3,378.5599592,b,WN21,tropical,13,224.49,226.9119125,105.74,25.93,17.49,4.53,73.6443,130.6197
M162W_1b,M162W,301.6974873,b,WN21,non_stiff,14.04,220.22,232.2301025,112.58,26.03,19.75,5.32,72.7458,109.4946
M162W_2b,M162W,301.6974873,b,WN21,non_stiff,14.04,220.22,232.2301025,112.58,26.03,19.75,5.32,72.7458,109.4946
M162W_1,M162W,301.6974873,b,WN20,non_stiff,14.04,220.22,232.2301025,112.58,26.03,19.75,5.32,72.7458,109.4946
M162W_2,M162W,301.6974873,b,WN20,non_stiff,14.04,220.22,232.2301025,112.58,26.03,19.75,5.32,72.7458,109.4946
Mo17_1,Mo17,276.6130148,a,WN20,non_stiff,10.22,313.69,209.8885538,166.47,21.02,26.71,5.01,,
Mo17_2,Mo17,276.6130148,a,WN20,non_stiff,10.22,313.69,209.8885538,166.47,21.02,26.71,5.01,,
Mo17_3,Mo17,276.6130148,a,WN20,non_stiff,10.22,313.69,209.8885538,166.47,21.02,26.71,5.01,,
Mo18W_1b,Mo18W,413.6737498,c,WN21,mixed,14.39,259.2,237.2555792,114.67,26.97,18.78,3.68,90.7107,131.1106
Mo18W_2b,Mo18W,413.6737498,c,WN21,mixed,14.39,259.2,237.2555792,114.67,26.97,18.78,3.68,90.7107,131.1106
Mo18W_1,Mo18W,413.6737498,c,WN20,mixed,14.39,259.2,237.2555792,114.67,26.97,18.78,3.68,90.7107,131.1106
Mo18W_2,Mo18W,413.6737498,c,WN20,mixed,14.39,259.2,237.2555792,114.67,26.97,18.78,3.68,90.7107,131.1106
Mo18W_3,Mo18W,413.6737498,c,WN20,mixed,14.39,259.2,237.2555792,114.67,26.97,18.78,3.68,90.7107,131.1106
Ms71_1b,Ms71,340.8536007,b,WN21,non_stiff,13.92,223.67,223.085672,146.03,25.08,20.8,4.46,68.6205,89.6975
Ms71_2b,Ms71,340.8536007,b,WN21,non_stiff,13.92,223.67,223.085672,146.03,25.08,20.8,4.46,68.6205,89.6975
NC350_1,NC350,400,c,WN20,tropical,13.66,239.95,241.9121877,104.08,22.29,18.7,3.74,,
NC350_2,NC350,400,c,WN20,tropical,13.66,239.95,241.9121877,104.08,22.29,18.7,3.74,,
NC358_1,NC358,299,a,WN20,tropical,12.09,195.16,217.4274904,130.58,24.81,22.23,4.57,72.0209,94.9426
NC358_2,NC358,299,a,WN20,tropical,12.09,195.16,217.4274904,130.58,24.81,22.23,4.57,72.0209,94.9426
NC358_3,NC358,299,a,WN20,tropical,12.09,195.16,217.4274904,130.58,24.81,22.23,4.57,72.0209,94.9426
Oh7B_1b,Oh7B,340.3739405,b,WN21,non_stiff,13.8,194.47,227.7858853,145.17,22.29,24.01,4.76,81.7415,116.4432
Oh7B_2b,Oh7B,340.3739405,b,WN21,non_stiff,13.8,194.47,227.7858853,145.17,22.29,24.01,4.76,81.7415,116.4432
Oh7B_1,Oh7B,340.3739405,b,WN20,non_stiff,13.8,194.47,227.7858853,145.17,22.29,24.01,4.76,81.7415,116.4432
Oh7B_2,Oh7B,340.3739405,b,WN20,non_stiff,13.8,194.47,227.7858853,145.17,22.29,24.01,4.76,81.7415,116.4432
Oh7B_3,Oh7B,340.3739405,b,WN20,non_stiff,13.8,194.47,227.7858853,145.17,22.29,24.01,4.76,81.7415,116.4432
P39_1,P39,362.7740758,b,WN20,sweet,13.31,222.07,232.0040488,114.85,22.77,21.64,3.21,,
P39_2,P39,362.7740758,b,WN20,sweet,13.31,222.07,232.0040488,114.85,22.77,21.64,3.21,,
Tx303_1b,Tx303,318.1399204,b,WN21,tropical,13.07,184.48,238.1050765,119.84,26.52,20.7,5.31,69.6938,113.1864
Tx303_2b,Tx303,318.1399204,b,WN21,tropical,13.07,184.48,238.1050765,119.84,26.52,20.7,5.31,69.6938,113.1864
Oh43_1,Oh43,341,b,WN20,non_stiff,14.55,206.5,224.5851306,153.22,26.21,26.59,3.85,72.0006,108.2614
Oh43_2,Oh43,341,b,WN20,non_stiff,14.55,206.5,224.5851306,153.22,26.21,26.59,3.85,72.0006,108.2614
Oh43_3,Oh43,341,b,WN20,non_stiff,14.55,206.5,224.5851306,153.22,26.21,26.59,3.85,72.0006,108.2614
Tzi8_1,Tzi8,406.1756351,c,WN20,tropical,14.09,295.22,240.5464457,121,24.86,20.14,3.92,82.8809,134.3711
Tzi8_2,Tzi8,406.1756351,c,WN20,tropical,14.09,295.22,240.5464457,121,24.86,20.14,3.92,82.8809,134.3711
Tzi8_3,Tzi8,406.1756351,c,WN20,tropical,14.09,295.22,240.5464457,121,24.86,20.14,3.92,82.8809,134.3711